review,label
"This product is amazing and I really loved it",genuine
"The quality is excellent and I highly recommend it",genuine
"Very good product, works perfectly",genuine
"I am happy with this purchase",genuine
"Great quality and fast delivery",genuine
"The product works exactly as described",genuine
"Excellent value for money",genuine
"I have been using this product for two weeks and it works well",genuine
"Good quality product and useful for daily work",genuine
"Very satisfied with my purchase",genuine
"The product stopped working after one day",fake
"Best product ever Buy now Amazing amazing amazing",fake
"Five stars Perfect Perfect Perfect",fake
"I received the product and it was completely different from the description",fake
"This is the best thing I have ever bought in my entire life",fake
"Absolutely incredible product everyone should buy this",fake
"Wow wow wow amazing product highly recommended",fake
"Perfect product perfect quality perfect experience",fake
"I did not receive the product shown in the picture",fake
"Very disappointing product and poor quality",fake